{
  "hash": "d1061193",
  "configHash": "55b3126b",
  "lockfileHash": "bd30ef93",
  "browserHash": "c1351079",
  "optimized": {
    "@angular/cdk/dialog": {
      "src": "../../../../../node_modules/@angular/cdk/fesm2022/dialog.mjs",
      "file": "@angular_cdk_dialog.js",
      "fileHash": "8c71b48c",
      "needsInterop": false
    },
    "@angular/common": {
      "src": "../../../../../node_modules/@angular/common/fesm2022/common.mjs",
      "file": "@angular_common.js",
      "fileHash": "8bf3160b",
      "needsInterop": false
    },
    "@angular/common/http": {
      "src": "../../../../../node_modules/@angular/common/fesm2022/http.mjs",
      "file": "@angular_common_http.js",
      "fileHash": "fa22f14a",
      "needsInterop": false
    },
    "@angular/core": {
      "src": "../../../../../node_modules/@angular/core/fesm2022/core.mjs",
      "file": "@angular_core.js",
      "fileHash": "8a716d95",
      "needsInterop": false
    },
    "@angular/forms": {
      "src": "../../../../../node_modules/@angular/forms/fesm2022/forms.mjs",
      "file": "@angular_forms.js",
      "fileHash": "c31f3b32",
      "needsInterop": false
    },
    "@angular/material/button": {
      "src": "../../../../../node_modules/@angular/material/fesm2022/button.mjs",
      "file": "@angular_material_button.js",
      "fileHash": "c99a8efc",
      "needsInterop": false
    },
    "@angular/material/core": {
      "src": "../../../../../node_modules/@angular/material/fesm2022/core.mjs",
      "file": "@angular_material_core.js",
      "fileHash": "15ce916f",
      "needsInterop": false
    },
    "@angular/material/datepicker": {
      "src": "../../../../../node_modules/@angular/material/fesm2022/datepicker.mjs",
      "file": "@angular_material_datepicker.js",
      "fileHash": "766f84cc",
      "needsInterop": false
    },
    "@angular/material/dialog": {
      "src": "../../../../../node_modules/@angular/material/fesm2022/dialog.mjs",
      "file": "@angular_material_dialog.js",
      "fileHash": "26a2afda",
      "needsInterop": false
    },
    "@angular/material/form-field": {
      "src": "../../../../../node_modules/@angular/material/fesm2022/form-field.mjs",
      "file": "@angular_material_form-field.js",
      "fileHash": "a83b9b49",
      "needsInterop": false
    },
    "@angular/material/icon": {
      "src": "../../../../../node_modules/@angular/material/fesm2022/icon.mjs",
      "file": "@angular_material_icon.js",
      "fileHash": "1f139d8c",
      "needsInterop": false
    },
    "@angular/material/input": {
      "src": "../../../../../node_modules/@angular/material/fesm2022/input.mjs",
      "file": "@angular_material_input.js",
      "fileHash": "9a2ffc9b",
      "needsInterop": false
    },
    "@angular/material/radio": {
      "src": "../../../../../node_modules/@angular/material/fesm2022/radio.mjs",
      "file": "@angular_material_radio.js",
      "fileHash": "c0fd92af",
      "needsInterop": false
    },
    "@angular/material/select": {
      "src": "../../../../../node_modules/@angular/material/fesm2022/select.mjs",
      "file": "@angular_material_select.js",
      "fileHash": "84cac105",
      "needsInterop": false
    },
    "@angular/material/toolbar": {
      "src": "../../../../../node_modules/@angular/material/fesm2022/toolbar.mjs",
      "file": "@angular_material_toolbar.js",
      "fileHash": "0b74a5d3",
      "needsInterop": false
    },
    "@angular/platform-browser": {
      "src": "../../../../../node_modules/@angular/platform-browser/fesm2022/platform-browser.mjs",
      "file": "@angular_platform-browser.js",
      "fileHash": "99fa9eb0",
      "needsInterop": false
    },
    "@angular/platform-browser/animations/async": {
      "src": "../../../../../node_modules/@angular/platform-browser/fesm2022/animations/async.mjs",
      "file": "@angular_platform-browser_animations_async.js",
      "fileHash": "fb286e22",
      "needsInterop": false
    },
    "@angular/router": {
      "src": "../../../../../node_modules/@angular/router/fesm2022/router.mjs",
      "file": "@angular_router.js",
      "fileHash": "71c906bf",
      "needsInterop": false
    },
    "@angular/material/table": {
      "src": "../../../../../node_modules/@angular/material/fesm2022/table.mjs",
      "file": "@angular_material_table.js",
      "fileHash": "bbb700cd",
      "needsInterop": false
    },
    "@angular/material/sort": {
      "src": "../../../../../node_modules/@angular/material/fesm2022/sort.mjs",
      "file": "@angular_material_sort.js",
      "fileHash": "5bfea6d2",
      "needsInterop": false
    },
    "@angular/material/paginator": {
      "src": "../../../../../node_modules/@angular/material/fesm2022/paginator.mjs",
      "file": "@angular_material_paginator.js",
      "fileHash": "eec941db",
      "needsInterop": false
    },
    "tslib": {
      "src": "../../../../../node_modules/tslib/tslib.es6.mjs",
      "file": "tslib.js",
      "fileHash": "f4088b25",
      "needsInterop": false
    }
  },
  "chunks": {
    "browser-ZXBYI6DC": {
      "file": "browser-ZXBYI6DC.js"
    },
    "chunk-ROV4KO6U": {
      "file": "chunk-ROV4KO6U.js"
    },
    "chunk-7TWWDB5U": {
      "file": "chunk-7TWWDB5U.js"
    },
    "chunk-ALY3ATZK": {
      "file": "chunk-ALY3ATZK.js"
    },
    "chunk-65IHIWSJ": {
      "file": "chunk-65IHIWSJ.js"
    },
    "chunk-MUILNOE2": {
      "file": "chunk-MUILNOE2.js"
    },
    "chunk-EVNGO2P6": {
      "file": "chunk-EVNGO2P6.js"
    },
    "chunk-6GBTAXIG": {
      "file": "chunk-6GBTAXIG.js"
    },
    "chunk-4JVXZGY2": {
      "file": "chunk-4JVXZGY2.js"
    },
    "chunk-WVD357XL": {
      "file": "chunk-WVD357XL.js"
    },
    "chunk-37P6EC7R": {
      "file": "chunk-37P6EC7R.js"
    },
    "chunk-YXNAA6F7": {
      "file": "chunk-YXNAA6F7.js"
    },
    "chunk-RF7ZFMRE": {
      "file": "chunk-RF7ZFMRE.js"
    },
    "chunk-EMDE57VU": {
      "file": "chunk-EMDE57VU.js"
    },
    "chunk-RH5YHFLD": {
      "file": "chunk-RH5YHFLD.js"
    },
    "chunk-XDTKJWZK": {
      "file": "chunk-XDTKJWZK.js"
    },
    "chunk-PV2PVFPK": {
      "file": "chunk-PV2PVFPK.js"
    },
    "chunk-QOHD3WUR": {
      "file": "chunk-QOHD3WUR.js"
    }
  }
}