{
  "posts": [
    {
      "id": "1",
      "title": "a title",
      "views": 100
    },
    {
      "id": "2",
      "title": "another title",
      "views": 200
    }
  ],
  "comments": [
    {
      "id": "1",
      "text": "a comment about post 1",
      "postId": "1"
    },
    {
      "id": "2",
      "text": "another comment about post 1",
      "postId": "1"
    }
  ],
  "profile": [
    {
      "name": "typicode",
      "id": "f41e"
    }
  ],
  "employess": [
    {
      "firstname": "Vasantha",
      "lastname": "meda",
      "email": "vasantha@gmail.com",
      "dob": "2024-05-13T18:30:00.000Z",
      "gender": "Other",
      "education": "post Graduate",
      "company": "ibm",
      "exp": 8,
      "package": "10",
      "id": "bd9a"
    },
    {
      "id": "adcd",
      "firstname": "Mam",
      "lastname": "sri",
      "email": "sri@gmail.com",
      "dob": "2024-05-20T18:30:00.000Z",
      "gender": "Male",
      "education": "Intermediate",
      "company": "comsrt",
      "exp": 8,
      "package": "18"
    },
    {
      "firstname": "mom",
      "lastname": "gutu",
      "email": "gutu@gmail.com",
      "dob": "2024-05-15T18:30:00.000Z",
      "gender": "Female",
      "education": "post Graduate",
      "company": "hcl",
      "exp": 1,
      "package": "4",
      "id": "05cc"
    }
  ]
}